clientName,clientEmail
Thich Nguyen 55,nxthich55@mailinator.com
Thich Nguyen 56,nxthich56@mailinator.com
Thich Nguyen 57,nxthich57@mailinator.com
Thich Nguyen 58,nxthich58@mailinator.com
Thich Nguyen 59,nxthich59@mailinator.com
Thich Nguyen 60,nxthich60@mailinator.com
Thich Nguyen 61,nxthich61@mailinator.com
Thich Nguyen 62,nxthich62@mailinator.com
Thich Nguyen 63,nxthich63@mailinator.com
Thich Nguyen 64,nxthich64@mailinator.com
Thich Nguyen 65,nxthich65@mailinator.com
Thich Nguyen 66,nxthich66@mailinator.com
Thich Nguyen 67,nxthich67@mailinator.com
Thich Nguyen 68,nxthich68@mailinator.com
Thich Nguyen 69,nxthich69@mailinator.com
Thich Nguyen 70,nxthich70@mailinator.com
Thich Nguyen 71,nxthich71@mailinator.com
Thich Nguyen 72,nxthich72@mailinator.com
Thich Nguyen 73,nxthich73@mailinator.com
Thich Nguyen 74,nxthich74@mailinator.com
Thich Nguyen 75,nxthich75@mailinator.com
Thich Nguyen 76,nxthich76@mailinator.com
Thich Nguyen 77,nxthich77@mailinator.com
Thich Nguyen 78,nxthich78@mailinator.com
Thich Nguyen 79,nxthich79@mailinator.com
Thich Nguyen 80,nxthich80@mailinator.com
Thich Nguyen 81,nxthich81@mailinator.com
Thich Nguyen 82,nxthich82@mailinator.com
Thich Nguyen 83,nxthich83@mailinator.com
Thich Nguyen 84,nxthich84@mailinator.com
Thich Nguyen 85,nxthich85@mailinator.com
Thich Nguyen 86,nxthich86@mailinator.com
Thich Nguyen 87,nxthich87@mailinator.com
Thich Nguyen 88,nxthich88@mailinator.com
Thich Nguyen 89,nxthich89@mailinator.com
Thich Nguyen 90,nxthich90@mailinator.com
Thich Nguyen 91,nxthich91@mailinator.com
Thich Nguyen 92,nxthich92@mailinator.com
Thich Nguyen 93,nxthich93@mailinator.com
Thich Nguyen 94,nxthich94@mailinator.com
Thich Nguyen 95,nxthich95@mailinator.com
Thich Nguyen 96,nxthich96@mailinator.com
Thich Nguyen 97,nxthich97@mailinator.com
Thich Nguyen 98,nxthich98@mailinator.com
Thich Nguyen 99,nxthich99@mailinator.com
Thich Nguyen 100,nxthich100@mailinator.com
Thich Nguyen 101,nxthich101@mailinator.com
Thich Nguyen 102,nxthich102@mailinator.com
Thich Nguyen 103,nxthich103@mailinator.com
Thich Nguyen 104,nxthich104@mailinator.com
Thich Nguyen 105,nxthich105@mailinator.com
Thich Nguyen 106,nxthich106@mailinator.com
Thich Nguyen 107,nxthich107@mailinator.com
Thich Nguyen 108,nxthich108@mailinator.com
Thich Nguyen 109,nxthich109@mailinator.com
Thich Nguyen 110,nxthich110@mailinator.com
Thich Nguyen 111,nxthich111@mailinator.com
Thich Nguyen 112,nxthich112@mailinator.com
Thich Nguyen 113,nxthich113@mailinator.com
Thich Nguyen 114,nxthich114@mailinator.com
Thich Nguyen 115,nxthich115@mailinator.com
Thich Nguyen 116,nxthich116@mailinator.com
Thich Nguyen 117,nxthich117@mailinator.com
Thich Nguyen 118,nxthich118@mailinator.com
Thich Nguyen 119,nxthich119@mailinator.com
Thich Nguyen 120,nxthich120@mailinator.com
Thich Nguyen 121,nxthich121@mailinator.com
Thich Nguyen 122,nxthich122@mailinator.com
Thich Nguyen 123,nxthich123@mailinator.com
Thich Nguyen 124,nxthich124@mailinator.com
Thich Nguyen 125,nxthich125@mailinator.com
Thich Nguyen 126,nxthich126@mailinator.com